Filename;Hex
black (1).jpg;#8E472B
black (2).jpg;#704932
black (3).jpg;#534035
black (4).jpg;#3F2D23
black (5).jpg;#BF703D
black (6).jpg;#A86A4C
black (7).jpg;#7F4024
black (8).jpg;#BD6C51
black (9).jpg;#92522C
black (10).jpg;#B57E60
black (11).jpg;#553E34
black (12).jpg;##AA684E
black (13).jpg;#4B351E
black (14).jpg;#725139
black (15).jpg;#BD6546
black (16).jpg;#733D2B
black (17).jpg;#7A4B3B
black (18).jpg;#603920
black (19).jpg;#955937
black (20).jpg;#C87A4A
black (21).jpg;#57291C
black (22).jpg;#834735
black (23).jpg;#703619
black (24).jpg;#9D6738
black (25).jpg;#7D4430
black (26).jpg;#9E6048
black (27).jpg;#AD5F3B
black (28).jpg;#473B3C
black (29).jpg;#A7694A
black (30).jpg;#613729
black (31).jpg;#90512F
black (32).jpg;#8E4723
black (33).jpg;#5D493D
black (34).jpg;#7C483A
black (35).jpg;#582814
black (36).jpg;#813A1C
black (37).jpg;#A0725A
black (38).jpg;#6D5356
black (39).jpg;#874435
black (40).jpg;#BD7F56
black (41).jpg;#A16B51
black (42).jpg;#803309
black (43).jpg;#995A42
black (44).jpg;#8F5844
black (45).jpg;#B56E4C
black (46).jpg;#87603F
black (47).jpg;#B36034
black (48).jpg;#9E6D4A
black (49).jpg;#BA6748
black (50).jpg;#9C4D32
black (51).jpg;#A96743
black (52).jpg;#9C6953
black (53).jpg;#B77B57
black (54).jpg;#784230
black (55).jpg;#B36D3C
black (56).jpg;#B96F64
black (57).jpg;#B26F54
black (58).jpg;#A06A51
black (59).jpg;#874830
black (60).jpg;#A97F71
black (61).jpg;#BF7E6A
black (62).jpg;#936753
black (63).jpg;#A36856
black (64).jpg;#955238
black (65).jpg;#A15B36
black (66).jpg;#A67958
black (67).jpg;#805232
black (68).jpg;#A97249
black (69).jpg;#9D6941
black (70).jpg;#6C3A27
black (71).jpg;#895847
black (72).jpg;#86441B
black (73).jpg;#8E6548
black (74).jpg;#593E21
black (75).jpg;#5F4639
black (76).jpg;#604E3A
black (77).jpg;#A96C50
black (78).jpg;#9C603E
black (79).jpg;#B06B44
black (80).jpg;#915D3E
black (81).jpg;#795348
black (82).jpg;#985030
black (83).jpg;#542A1D
black (84).jpg;#81513D
black (85).jpg;#542E23
black (86).jpg;#8F593E
black (87).jpg;#825343
black (88).jpg;#733C30
black (89).jpg;#6D4A2B
black (90).jpg;#815036
black (91).jpg;#8D4D32
black (92).jpg;#B67D60
black (93).jpg;#773516
black (94).jpg;#9C664C
black (95).jpg;#985A39
black (96).jpg;#5A4439
black (97).jpg;#875138
black (98).jpg;#6E4635
black (99).jpg;#623F3D
black (100).jpg;#8C4E29
black (101).jpg;#534035
black (102).jpg;#6D3820
black (103).jpg;#654B35
black (104).jpg;#58402D
black (105).jpg;#7D3F2B
black (106).jpg;#8C5336
black (107).jpg;#412F25
black (108).jpg;#A2603E
black (109).jpg;#7C5E44
black (110).jpg;#9C5F4C
black (111).jpg;#653321
black (112).jpg;#4D3930
black (113).jpg;#96563B
black (114).jpg;#7A3D32
black (115).jpg;#643E22
black (116).jpg;#9C6D52
black (117).jpg;#5F3819
black (118).jpg;#8A563F
black (119).jpg;#8A5335
black (120).jpg;#4D1D11
black (121).jpg;#75462B
black (122).jpg;#563C2C
black (123).jpg;#795032
black (124).jpg;#715138
black (125).jpg;#6E2E24
